id,0
A0,1
B1,2
C1,3
D1,4
E1,5
A1,6
A3,7
B2,8
B3,9
C2,10
C3,11
D2,12
D3,13
E2,14
E3,15
A2,16
A5,17
A6,18
B4,19
B5,20
B6,21
C4,22
C5,23
C6,24
D4,25
D5,26
D6,27
E4,28
E5,29
E6,30
A4,31
A8,32
A9,33
A10,34
B7,35
B8,36
B9,37
B10,38
C7,39
C8,40
C9,41
C10,42
D7,43
D8,44
D9,45
D10,46
E7,47
E8,48
E9,49
E10,50
A7,51
A12,52
A13,53
A14,54
A15,55
B11,56
B12,57
B13,58
B14,59
B15,60
C11,61
C12,62
C13,63
C14,64
C15,65
D11,66
D12,67
D13,68
D14,69
D15,70
E11,71
E12,72
E13,73
E14,74
E15,75
A11,76
A17,77
A18,78
A19,79
A20,80
A21,81
B16,82
B17,83
B18,84
B19,85
B20,86
B21,87
C16,88
C17,89
C18,90
C19,91
C20,92
C21,93
D16,94
D17,95
D18,96
D19,97
D20,98
D21,99
E16,100
E17,101
E18,102
E19,103
E20,104
E21,105
A16,106
A23,107
A24,108
A25,109
A26,110
A27,111
A28,112
B22,113
B23,114
B24,115
B25,116
B26,117
B27,118
B28,119
C22,120
C23,121
C24,122
C25,123
C26,124
C27,125
C28,126
D22,127
D23,128
D24,129
D25,130
D26,131
D27,132
D28,133
E22,134
E23,135
E24,136
E25,137
E26,138
E27,139
E28,140
A22,141
A30,142
A31,143
A32,144
A33,145
A34,146
A35,147
A36,148
B29,149
B30,150
B31,151
B32,152
B33,153
B34,154
B35,155
B36,156
C29,157
C30,158
C31,159
C32,160
C33,161
C34,162
C35,163
C36,164
D29,165
D30,166
D31,167
D32,168
D33,169
D34,170
D35,171
D36,172
E29,173
E30,174
E31,175
E32,176
E33,177
E34,178
E35,179
E36,180
A29,181
A38,182
A39,183
A40,184
A41,185
A42,186
A43,187
A44,188
A45,189
B37,190
B38,191
B39,192
B40,193
B41,194
B42,195
B43,196
B44,197
B45,198
C37,199
C38,200
C39,201
C40,202
C41,203
C42,204
C43,205
C44,206
C45,207
D37,208
D38,209
D39,210
D40,211
D41,212
D42,213
D43,214
D44,215
D45,216
E37,217
E38,218
E39,219
E40,220
E41,221
E42,222
E43,223
E44,224
E45,225
A37,226
A47,227
A48,228
A49,229
A50,230
A51,231
A52,232
A53,233
A54,234
A55,235
B46,236
B47,237
B48,238
B49,239
B50,240
B51,241
B52,242
B53,243
B54,244
B55,245
C46,246
C47,247
C48,248
C49,249
C50,250
C51,251
C52,252
C53,253
C54,254
C55,255
D46,256
D47,257
D48,258
D49,259
D50,260
D51,261
D52,262
D53,263
D54,264
D55,265
E46,266
E47,267
E48,268
E49,269
E50,270
E51,271
E52,272
E53,273
E54,274
E55,275
A46,276
A57,277
A58,278
A59,279
A60,280
A61,281
A62,282
A63,283
A64,284
A65,285
A66,286
B56,287
B57,288
B58,289
B59,290
B60,291
B61,292
B62,293
B63,294
B64,295
B65,296
B66,297
C56,298
C57,299
C58,300
C59,301
C60,302
C61,303
C62,304
C63,305
C64,306
C65,307
C66,308
D56,309
D57,310
D58,311
D59,312
D60,313
D61,314
D62,315
D63,316
D64,317
D65,318
D66,319
E56,320
E57,321
E58,322
E59,323
E60,324
E61,325
E62,326
E63,327
E64,328
E65,329
E66,330
A56,331
A68,332
A69,333
A70,334
A71,335
A72,336
A73,337
A74,338
A75,339
A76,340
A77,341
A78,342
B67,343
B68,344
B69,345
B70,346
B71,347
B72,348
B73,349
B74,350
B75,351
B76,352
B77,353
B78,354
C67,355
C68,356
C69,357
C70,358
C71,359
C72,360
C73,361
C74,362
C75,363
C76,364
C77,365
C78,366
D67,367
D68,368
D69,369
D70,370
D71,371
D72,372
D73,373
D74,374
D75,375
D76,376
D77,377
D78,378
E67,379
E68,380
E69,381
E70,382
E71,383
E72,384
E73,385
E74,386
E75,387
E76,388
E77,389
E78,390
A67,391
A80,392
A81,393
A82,394
A83,395
A84,396
A85,397
A86,398
A87,399
A88,400
A89,401
A90,402
A91,403
B79,404
B80,405
B81,406
B82,407
B83,408
B84,409
B85,410
B86,411
B87,412
B88,413
B89,414
B90,415
B91,416
C79,417
C80,418
C81,419
C82,420
C83,421
C84,422
C85,423
C86,424
C87,425
C88,426
C89,427
C90,428
C91,429
D79,430
D80,431
D81,432
D82,433
D83,434
D84,435
D85,436
D86,437
D87,438
D88,439
D89,440
D90,441
D91,442
E79,443
E80,444
E81,445
E82,446
E83,447
E84,448
E85,449
E86,450
E87,451
E88,452
E89,453
E90,454
E91,455
A79,456
A93,457
A94,458
A95,459
A96,460
A97,461
A98,462
A99,463
A100,464
A101,465
A102,466
A103,467
A104,468
A105,469
B92,470
B93,471
B94,472
B95,473
B96,474
B97,475
B98,476
B99,477
B100,478
B101,479
B102,480
B103,481
B104,482
B105,483
C92,484
C93,485
C94,486
C95,487
C96,488
C97,489
C98,490
C99,491
C100,492
C101,493
C102,494
C103,495
C104,496
C105,497
D92,498
D93,499
D94,500
D95,501
D96,502
D97,503
D98,504
D99,505
D100,506
D101,507
D102,508
D103,509
D104,510
D105,511
E92,512
E93,513
E94,514
E95,515
E96,516
E97,517
E98,518
E99,519
E100,520
E101,521
E102,522
E103,523
E104,524
E105,525
A92,526
A107,527
A108,528
A109,529
A110,530
A111,531
A112,532
A113,533
A114,534
A115,535
A116,536
A117,537
A118,538
A119,539
A120,540
B106,541
B107,542
B108,543
B109,544
B110,545
B111,546
B112,547
B113,548
B114,549
B115,550
B116,551
B117,552
B118,553
B119,554
B120,555
C106,556
C107,557
C108,558
C109,559
C110,560
C111,561
C112,562
C113,563
C114,564
C115,565
C116,566
C117,567
C118,568
C119,569
C120,570
D106,571
D107,572
D108,573
D109,574
D110,575
D111,576
D112,577
D113,578
D114,579
D115,580
D116,581
D117,582
D118,583
D119,584
D120,585
E106,586
E107,587
E108,588
E109,589
E110,590
E111,591
E112,592
E113,593
E114,594
E115,595
E116,596
E117,597
E118,598
E119,599
E120,600
A106,601
A122,602
A123,603
A124,604
A125,605
A126,606
A127,607
A128,608
A129,609
A130,610
A131,611
A132,612
A133,613
A134,614
A135,615
A136,616
B121,617
B122,618
B123,619
B124,620
B125,621
B126,622
B127,623
B128,624
B129,625
B130,626
B131,627
B132,628
B133,629
B134,630
B135,631
B136,632
C121,633
C122,634
C123,635
C124,636
C125,637
C126,638
C127,639
C128,640
C129,641
C130,642
C131,643
C132,644
C133,645
C134,646
C135,647
C136,648
D121,649
D122,650
D123,651
D124,652
D125,653
D126,654
D127,655
D128,656
D129,657
D130,658
D131,659
D132,660
D133,661
D134,662
D135,663
D136,664
E121,665
E122,666
E123,667
E124,668
E125,669
E126,670
E127,671
E128,672
E129,673
E130,674
E131,675
E132,676
E133,677
E134,678
E135,679
E136,680
A121,681
A138,682
A139,683
A140,684
A141,685
A142,686
A143,687
A144,688
A145,689
A146,690
A147,691
A148,692
A149,693
A150,694
A151,695
A152,696
A153,697
B137,698
B138,699
B139,700
B140,701
B141,702
B142,703
B143,704
B144,705
B145,706
B146,707
B147,708
B148,709
B149,710
B150,711
B151,712
B152,713
B153,714
C137,715
C138,716
C139,717
C140,718
C141,719
C142,720
C143,721
C144,722
C145,723
C146,724
C147,725
C148,726
C149,727
C150,728
C151,729
C152,730
C153,731
D137,732
D138,733
D139,734
D140,735
D141,736
D142,737
D143,738
D144,739
D145,740
D146,741
D147,742
D148,743
D149,744
D150,745
D151,746
D152,747
D153,748
E137,749
E138,750
E139,751
E140,752
E141,753
E142,754
E143,755
E144,756
E145,757
E146,758
E147,759
E148,760
E149,761
E150,762
E151,763
E152,764
E153,765
A137,766
A155,767
A156,768
A157,769
A158,770
A159,771
A160,772
A161,773
A162,774
A163,775
A164,776
A165,777
A166,778
A167,779
A168,780
A169,781
A170,782
A171,783
B154,784
B155,785
B156,786
B157,787
B158,788
B159,789
B160,790
B161,791
B162,792
B163,793
B164,794
B165,795
B166,796
B167,797
B168,798
B169,799
B170,800
B171,801
C154,802
C155,803
C156,804
C157,805
C158,806
C159,807
C160,808
C161,809
C162,810
C163,811
C164,812
C165,813
C166,814
C167,815
C168,816
C169,817
C170,818
C171,819
D154,820
D155,821
D156,822
D157,823
D158,824
D159,825
D160,826
D161,827
D162,828
D163,829
D164,830
D165,831
D166,832
D167,833
D168,834
D169,835
D170,836
D171,837
E154,838
E155,839
E156,840
E157,841
E158,842
E159,843
E160,844
E161,845
E162,846
E163,847
E164,848
E165,849
E166,850
E167,851
E168,852
E169,853
E170,854
E171,855
A154,856
A173,857
A174,858
A175,859
A176,860
A177,861
A178,862
A179,863
A180,864
A181,865
A182,866
A183,867
A184,868
A185,869
A186,870
A187,871
A188,872
A189,873
A190,874
B172,875
B173,876
B174,877
B175,878
B176,879
B177,880
B178,881
B179,882
B180,883
B181,884
B182,885
B183,886
B184,887
B185,888
B186,889
B187,890
B188,891
B189,892
B190,893
C172,894
C173,895
C174,896
C175,897
C176,898
C177,899
C178,900
C179,901
C180,902
C181,903
C182,904
C183,905
C184,906
C185,907
C186,908
C187,909
C188,910
C189,911
C190,912
D172,913
D173,914
D174,915
D175,916
D176,917
D177,918
D178,919
D179,920
D180,921
D181,922
D182,923
D183,924
D184,925
D185,926
D186,927
D187,928
D188,929
D189,930
D190,931
E172,932
E173,933
E174,934
E175,935
E176,936
E177,937
E178,938
E179,939
E180,940
E181,941
E182,942
E183,943
E184,944
E185,945
E186,946
E187,947
E188,948
E189,949
E190,950
A172,951
A192,952
A193,953
A194,954
A195,955
A196,956
A197,957
A198,958
A199,959
A200,960
A201,961
A202,962
A203,963
A204,964
A205,965
A206,966
A207,967
A208,968
A209,969
A210,970
B191,971
B192,972
B193,973
B194,974
B195,975
B196,976
B197,977
B198,978
B199,979
B200,980
B201,981
B202,982
B203,983
B204,984
B205,985
B206,986
B207,987
B208,988
B209,989
B210,990
C191,991
C192,992
C193,993
C194,994
C195,995
C196,996
C197,997
C198,998
C199,999
C200,1000
C201,1001
C202,1002
C203,1003
C204,1004
C205,1005
C206,1006
C207,1007
C208,1008
C209,1009
C210,1010
D191,1011
D192,1012
D193,1013
D194,1014
D195,1015
D196,1016
D197,1017
D198,1018
D199,1019
D200,1020
D201,1021
D202,1022
D203,1023
D204,1024
D205,1025
D206,1026
D207,1027
D208,1028
D209,1029
D210,1030
E191,1031
E192,1032
E193,1033
E194,1034
E195,1035
E196,1036
E197,1037
E198,1038
E199,1039
E200,1040
E201,1041
E202,1042
E203,1043
E204,1044
E205,1045
E206,1046
E207,1047
E208,1048
E209,1049
E210,1050
A191,1051
A212,1052
A213,1053
A214,1054
A215,1055
A216,1056
A217,1057
A218,1058
A219,1059
A220,1060
A221,1061
A222,1062
A223,1063
A224,1064
A225,1065
A226,1066
A227,1067
A228,1068
A229,1069
A230,1070
A231,1071
B211,1072
B212,1073
B213,1074
B214,1075
B215,1076
B216,1077
B217,1078
B218,1079
B219,1080
B220,1081
B221,1082
B222,1083
B223,1084
B224,1085
B225,1086
B226,1087
B227,1088
B228,1089
B229,1090
B230,1091
B231,1092
C211,1093
C212,1094
C213,1095
C214,1096
C215,1097
C216,1098
C217,1099
C218,1100
C219,1101
C220,1102
C221,1103
C222,1104
C223,1105
C224,1106
C225,1107
C226,1108
C227,1109
C228,1110
C229,1111
C230,1112
C231,1113
D211,1114
D212,1115
D213,1116
D214,1117
D215,1118
D216,1119
D217,1120
D218,1121
D219,1122
D220,1123
D221,1124
D222,1125
D223,1126
D224,1127
D225,1128
D226,1129
D227,1130
D228,1131
D229,1132
D230,1133
D231,1134
E211,1135
E212,1136
E213,1137
E214,1138
E215,1139
E216,1140
E217,1141
E218,1142
E219,1143
E220,1144
E221,1145
E222,1146
E223,1147
E224,1148
E225,1149
E226,1150
E227,1151
E228,1152
E229,1153
E230,1154
E231,1155
A211,1156
A233,1157
A234,1158
A235,1159
A236,1160
A237,1161
A238,1162
A239,1163
A240,1164
A241,1165
A242,1166
A243,1167
A244,1168
A245,1169
A246,1170
A247,1171
A248,1172
A249,1173
A250,1174
A251,1175
A252,1176
A253,1177
B232,1178
B233,1179
B234,1180
B235,1181
B236,1182
B237,1183
B238,1184
B239,1185
B240,1186
B241,1187
B242,1188
B243,1189
B244,1190
B245,1191
B246,1192
B247,1193
B248,1194
B249,1195
B250,1196
B251,1197
B252,1198
B253,1199
C232,1200
C233,1201
C234,1202
C235,1203
C236,1204
C237,1205
C238,1206
C239,1207
C240,1208
C241,1209
C242,1210
C243,1211
C244,1212
C245,1213
C246,1214
C247,1215
C248,1216
C249,1217
C250,1218
C251,1219
C252,1220
C253,1221
D232,1222
D233,1223
D234,1224
D235,1225
D236,1226
D237,1227
D238,1228
D239,1229
D240,1230
D241,1231
D242,1232
D243,1233
D244,1234
D245,1235
D246,1236
D247,1237
D248,1238
D249,1239
D250,1240
D251,1241
D252,1242
D253,1243
E232,1244
E233,1245
E234,1246
E235,1247
E236,1248
E237,1249
E238,1250
E239,1251
E240,1252
E241,1253
E242,1254
E243,1255
E244,1256
E245,1257
E246,1258
E247,1259
E248,1260
E249,1261
E250,1262
E251,1263
E252,1264
E253,1265
A232,1266
A255,1267
A256,1268
A257,1269
A258,1270
A259,1271
A260,1272
A261,1273
A262,1274
A263,1275
A264,1276
A265,1277
A266,1278
A267,1279
A268,1280
A269,1281
A270,1282
A271,1283
A272,1284
A273,1285
A274,1286
A275,1287
A276,1288
B254,1289
B255,1290
B256,1291
B257,1292
B258,1293
B259,1294
B260,1295
B261,1296
B262,1297
B263,1298
B264,1299
B265,1300
B266,1301
B267,1302
B268,1303
B269,1304
B270,1305
B271,1306
B272,1307
B273,1308
B274,1309
B275,1310
B276,1311
C254,1312
C255,1313
C256,1314
C257,1315
C258,1316
C259,1317
C260,1318
C261,1319
C262,1320
C263,1321
C264,1322
C265,1323
C266,1324
C267,1325
C268,1326
C269,1327
C270,1328
C271,1329
C272,1330
C273,1331
C274,1332
C275,1333
C276,1334
D254,1335
D255,1336
D256,1337
D257,1338
D258,1339
D259,1340
D260,1341
D261,1342
D262,1343
D263,1344
D264,1345
D265,1346
D266,1347
D267,1348
D268,1349
D269,1350
D270,1351
D271,1352
D272,1353
D273,1354
D274,1355
D275,1356
D276,1357
E254,1358
E255,1359
E256,1360
E257,1361
E258,1362
E259,1363
E260,1364
E261,1365
E262,1366
E263,1367
E264,1368
E265,1369
E266,1370
E267,1371
E268,1372
E269,1373
E270,1374
E271,1375
E272,1376
E273,1377
E274,1378
E275,1379
E276,1380
A254,1381
A278,1382
A279,1383
A280,1384
A281,1385
A282,1386
A283,1387
A284,1388
A285,1389
A286,1390
A287,1391
A288,1392
A289,1393
A290,1394
A291,1395
A292,1396
A293,1397
A294,1398
A295,1399
A296,1400
A297,1401
A298,1402
A299,1403
A300,1404
B277,1405
B278,1406
B279,1407
B280,1408
B281,1409
B282,1410
B283,1411
B284,1412
B285,1413
B286,1414
B287,1415
B288,1416
B289,1417
B290,1418
B291,1419
B292,1420
B293,1421
B294,1422
B295,1423
B296,1424
B297,1425
B298,1426
B299,1427
B300,1428
C277,1429
C278,1430
C279,1431
C280,1432
C281,1433
C282,1434
C283,1435
C284,1436
C285,1437
C286,1438
C287,1439
C288,1440
C289,1441
C290,1442
C291,1443
C292,1444
C293,1445
C294,1446
C295,1447
C296,1448
C297,1449
C298,1450
C299,1451
C300,1452
D277,1453
D278,1454
D279,1455
D280,1456
D281,1457
D282,1458
D283,1459
D284,1460
D285,1461
D286,1462
D287,1463
D288,1464
D289,1465
D290,1466
D291,1467
D292,1468
D293,1469
D294,1470
D295,1471
D296,1472
D297,1473
D298,1474
D299,1475
D300,1476
E277,1477
E278,1478
E279,1479
E280,1480
E281,1481
E282,1482
E283,1483
E284,1484
E285,1485
E286,1486
E287,1487
E288,1488
E289,1489
E290,1490
E291,1491
E292,1492
E293,1493
E294,1494
E295,1495
E296,1496
E297,1497
E298,1498
E299,1499
E300,1500
A277,1501
A302,1502
A303,1503
A304,1504
A305,1505
A306,1506
A307,1507
A308,1508
A309,1509
A310,1510
A311,1511
A312,1512
A313,1513
A314,1514
A315,1515
A316,1516
A317,1517
A318,1518
A319,1519
A320,1520
A321,1521
A322,1522
A323,1523
A324,1524
A325,1525
B301,1526
B302,1527
B303,1528
B304,1529
B305,1530
B306,1531
B307,1532
B308,1533
B309,1534
B310,1535
B311,1536
B312,1537
B313,1538
B314,1539
B315,1540
B316,1541
B317,1542
B318,1543
B319,1544
B320,1545
B321,1546
B322,1547
B323,1548
B324,1549
B325,1550
C301,1551
C302,1552
C303,1553
C304,1554
C305,1555
C306,1556
C307,1557
C308,1558
C309,1559
C310,1560
C311,1561
C312,1562
C313,1563
C314,1564
C315,1565
C316,1566
C317,1567
C318,1568
C319,1569
C320,1570
C321,1571
C322,1572
C323,1573
C324,1574
C325,1575
D301,1576
D302,1577
D303,1578
D304,1579
D305,1580
D306,1581
D307,1582
D308,1583
D309,1584
D310,1585
D311,1586
D312,1587
D313,1588
D314,1589
D315,1590
D316,1591
D317,1592
D318,1593
D319,1594
D320,1595
D321,1596
D322,1597
D323,1598
D324,1599
D325,1600
E301,1601
E302,1602
E303,1603
E304,1604
E305,1605
E306,1606
E307,1607
E308,1608
E309,1609
E310,1610
E311,1611
E312,1612
E313,1613
E314,1614
E315,1615
E316,1616
E317,1617
E318,1618
E319,1619
E320,1620
E321,1621
E322,1622
E323,1623
E324,1624
E325,1625
A301,1626
A327,1627
A328,1628
A329,1629
A330,1630
A331,1631
A332,1632
A333,1633
A334,1634
A335,1635
A336,1636
A337,1637
A338,1638
A339,1639
A340,1640
A341,1641
A342,1642
A343,1643
A344,1644
A345,1645
A346,1646
A347,1647
A348,1648
A349,1649
A350,1650
A351,1651
B326,1652
B327,1653
B328,1654
B329,1655
B330,1656
B331,1657
B332,1658
B333,1659
B334,1660
B335,1661
B336,1662
B337,1663
B338,1664
B339,1665
B340,1666
B341,1667
B342,1668
B343,1669
B344,1670
B345,1671
B346,1672
B347,1673
B348,1674
B349,1675
B350,1676
B351,1677
C326,1678
C327,1679
C328,1680
C329,1681
C330,1682
C331,1683
C332,1684
C333,1685
C334,1686
C335,1687
C336,1688
C337,1689
C338,1690
C339,1691
C340,1692
C341,1693
C342,1694
C343,1695
C344,1696
C345,1697
C346,1698
C347,1699
C348,1700
C349,1701
C350,1702
C351,1703
D326,1704
D327,1705
D328,1706
D329,1707
D330,1708
D331,1709
D332,1710
D333,1711
D334,1712
D335,1713
D336,1714
D337,1715
D338,1716
D339,1717
D340,1718
D341,1719
D342,1720
D343,1721
D344,1722
D345,1723
D346,1724
D347,1725
D348,1726
D349,1727
D350,1728
D351,1729
E326,1730
E327,1731
E328,1732
E329,1733
E330,1734
E331,1735
E332,1736
E333,1737
E334,1738
E335,1739
E336,1740
E337,1741
E338,1742
E339,1743
E340,1744
E341,1745
E342,1746
E343,1747
E344,1748
E345,1749
E346,1750
E347,1751
E348,1752
E349,1753
E350,1754
E351,1755
A326,1756
A353,1757
A354,1758
A355,1759
A356,1760
A357,1761
A358,1762
A359,1763
A360,1764
A361,1765
A362,1766
A363,1767
A364,1768
A365,1769
A366,1770
A367,1771
A368,1772
A369,1773
A370,1774
A371,1775
A372,1776
A373,1777
A374,1778
A375,1779
A376,1780
A377,1781
A378,1782
B352,1783
B353,1784
B354,1785
B355,1786
B356,1787
B357,1788
B358,1789
B359,1790
B360,1791
B361,1792
B362,1793
B363,1794
B364,1795
B365,1796
B366,1797
B367,1798
B368,1799
B369,1800
B370,1801
B371,1802
B372,1803
B373,1804
B374,1805
B375,1806
B376,1807
B377,1808
B378,1809
C352,1810
C353,1811
C354,1812
C355,1813
C356,1814
C357,1815
C358,1816
C359,1817
C360,1818
C361,1819
C362,1820
C363,1821
C364,1822
C365,1823
C366,1824
C367,1825
C368,1826
C369,1827
C370,1828
C371,1829
C372,1830
C373,1831
C374,1832
C375,1833
C376,1834
C377,1835
C378,1836
D352,1837
D353,1838
D354,1839
D355,1840
D356,1841
D357,1842
D358,1843
D359,1844
D360,1845
D361,1846
D362,1847
D363,1848
D364,1849
D365,1850
D366,1851
D367,1852
D368,1853
D369,1854
D370,1855
D371,1856
D372,1857
D373,1858
D374,1859
D375,1860
D376,1861
D377,1862
D378,1863
E352,1864
E353,1865
E354,1866
E355,1867
E356,1868
E357,1869
E358,1870
E359,1871
E360,1872
E361,1873
E362,1874
E363,1875
E364,1876
E365,1877
E366,1878
E367,1879
E368,1880
E369,1881
E370,1882
E371,1883
E372,1884
E373,1885
E374,1886
E375,1887
E376,1888
E377,1889
E378,1890
A352,1891
A380,1892
A381,1893
A382,1894
A383,1895
A384,1896
A385,1897
A386,1898
A387,1899
A388,1900
A389,1901
A390,1902
A391,1903
A392,1904
A393,1905
A394,1906
A395,1907
A396,1908
A397,1909
A398,1910
A399,1911
A400,1912
A401,1913
A402,1914
A403,1915
A404,1916
A405,1917
A406,1918
B379,1919
B380,1920
B381,1921
B382,1922
B383,1923
B384,1924
B385,1925
B386,1926
B387,1927
B388,1928
B389,1929
B390,1930
B391,1931
B392,1932
B393,1933
B394,1934
B395,1935
B396,1936
B397,1937
B398,1938
B399,1939
B400,1940
B401,1941
B402,1942
B403,1943
B404,1944
B405,1945
B406,1946
C379,1947
C380,1948
C381,1949
C382,1950
C383,1951
C384,1952
C385,1953
C386,1954
C387,1955
C388,1956
C389,1957
C390,1958
C391,1959
C392,1960
C393,1961
C394,1962
C395,1963
C396,1964
C397,1965
C398,1966
C399,1967
C400,1968
C401,1969
C402,1970
C403,1971
C404,1972
C405,1973
C406,1974
D379,1975
D380,1976
D381,1977
D382,1978
D383,1979
D384,1980
D385,1981
D386,1982
D387,1983
D388,1984
D389,1985
D390,1986
D391,1987
D392,1988
D393,1989
D394,1990
D395,1991
D396,1992
D397,1993
D398,1994
D399,1995
D400,1996
D401,1997
D402,1998
D403,1999
D404,2000
D405,2001
D406,2002
E379,2003
E380,2004
E381,2005
E382,2006
E383,2007
E384,2008
E385,2009
E386,2010
E387,2011
E388,2012
E389,2013
E390,2014
E391,2015
E392,2016
E393,2017
E394,2018
E395,2019
E396,2020
E397,2021
E398,2022
E399,2023
E400,2024
E401,2025
E402,2026
E403,2027
E404,2028
E405,2029
E406,2030
A379,2031
A407,2032
A408,2033
A409,2034
A410,2035
A411,2036
A432,2037
A412,2038
A433,2039
A413,2040
A434,2041
A414,2042
A435,2043
A415,2044
A436,2045
A416,2046
A437,2047
A417,2048
A438,2049
A418,2050
A439,2051
A419,2052
A440,2053
A420,2054
A441,2055
A421,2056
A442,2057
A422,2058
A443,2059
A423,2060
A444,2061
A424,2062
A445,2063
A425,2064
A446,2065
A426,2066
A427,2067
A428,2068
A429,2069
A430,2070
B407,2071
B408,2072
B409,2073
B410,2074
B411,2075
B432,2076
B412,2077
B433,2078
B413,2079
B434,2080
B414,2081
B435,2082
B415,2083
B436,2084
B416,2085
B437,2086
B417,2087
B438,2088
B418,2089
B439,2090
B419,2091
B440,2092
B420,2093
B441,2094
B421,2095
B442,2096
B422,2097
B443,2098
B423,2099
B444,2100
B424,2101
B445,2102
B425,2103
B446,2104
B426,2105
B427,2106
B428,2107
B429,2108
B430,2109
C407,2110
C408,2111
C409,2112
C410,2113
C411,2114
C432,2115
C412,2116
C433,2117
C413,2118
C434,2119
C414,2120
C435,2121
C415,2122
C436,2123
C416,2124
C437,2125
C417,2126
C438,2127
C418,2128
C439,2129
C419,2130
C440,2131
C420,2132
C441,2133
C421,2134
C442,2135
C422,2136
C443,2137
C423,2138
C444,2139
C424,2140
C445,2141
C425,2142
C446,2143
C426,2144
C427,2145
C428,2146
C429,2147
C430,2148
D407,2149
D408,2150
D409,2151
D410,2152
D411,2153
D432,2154
D412,2155
D433,2156
D413,2157
D434,2158
D414,2159
D435,2160
D415,2161
D436,2162
D416,2163
D437,2164
D417,2165
D438,2166
D418,2167
D439,2168
D419,2169
D440,2170
D420,2171
D441,2172
D421,2173
D442,2174
D422,2175
D443,2176
D423,2177
D444,2178
D424,2179
D445,2180
D425,2181
D446,2182
D426,2183
D427,2184
D428,2185
D429,2186
D430,2187
E407,2188
E408,2189
E409,2190
E410,2191
E432,2192
E411,2193
E433,2194
E412,2195
E434,2196
E413,2197
E435,2198
E414,2199
E436,2200
E415,2201
E437,2202
E416,2203
E438,2204
E417,2205
E439,2206
E418,2207
E440,2208
E419,2209
E441,2210
E420,2211
E442,2212
E421,2213
E443,2214
E422,2215
E444,2216
E423,2217
E445,2218
E424,2219
E446,2220
E425,2221
E426,2222
E427,2223
E428,2224
E429,2225
E430,2226
