节点编号,X坐标（米）,Y坐标（米）,Z坐标（米）,,,注：至少保留3位小数
A0,0,0,-300.36,,,
B1,6.105156811,8.403361817,-300.0902778,,,
C1,9.879410153,-3.209931092,-300.1202598,,,
D1,0,-10.39134591,-300.230194,,,
E1,-9.884344924,-3.211534454,-300.2701701,,,
A1,-6.106783389,8.405600699,-300.1702299,,,
A3,0,16.8096022,-299.7791353,,,
B2,12.1998655,16.79225286,-299.4716026,,,
B3,15.98408383,5.19371295,-299.739198,,,
C2,19.7424212,-6.414367976,-299.5115068,,,
C3,9.883025632,-13.60228262,-299.8689941,,,
D2,0,-20.77345706,-299.7309803,,,
D3,-9.888619674,-13.60998186,-300.0387275,,,
E2,-19.76280607,-6.420991079,-299.820765,,,
E3,-15.99632972,5.197692011,-299.9688373,,,
A2,-12.20555517,16.80008429,-299.6112675,,,
A5,-6.104443467,25.22171865,-299.1065362,,,
A6,6.103630165,25.21835833,-299.0666859,,,
B4,18.28151104,25.16239747,-298.5744302,,,
B5,22.09744158,13.59748778,-299.0666859,,,
B6,25.86960274,1.988608855,-299.0666859,,,
C4,29.58010703,-9.610277064,-298.5744302,,,
C5,19.76518423,-16.81715879,-299.1364239,,,
C6,9.890612157,-24.0036026,-299.2460123,,,
D4,0,-31.1312526,-298.8529233,,,
D5,-9.896209932,-24.01718788,-299.4153761,,,
D6,-19.78690711,-16.83564164,-299.465189,,,
E4,-29.62149297,-9.623722936,-298.9921698,,,
E5,-25.89717952,1.990728695,-299.3854884,,,
E6,-22.1129,13.607,-299.2759,,,
A4,-18.28760102,25.17077963,-298.673892,,,
A8,-12.18108469,33.58762318,-298.0664215,,,
A9,0,33.61448476,-298.3021207,,,
A10,12.18067892,33.58650434,-298.0564926,,,
B7,24.3412719,33.50356236,-297.3199079,,,
B8,28.17808783,21.96363519,-298.0564926,,,
B9,31.96843626,10.38773319,-298.3021207,,,
B10,35.70612154,-1.205156924,-298.0564925,,,
C7,39.38504792,-12.79704774,-297.3199078,,,
C8,29.59569613,-20.01200047,-298.0564925,,,
C9,19.76350197,-27.20212929,-298.3915547,,,
C10,9.893141292,-34.35271272,-298.2451421,,,
D7,0,-41.45103595,-297.6071351,,,
D8,-9.899069667,-34.37329827,-298.4238628,,,
D9,-19.78522155,-27.23202374,-298.7194793,,,
D10,-29.63710387,-20.03999953,-298.4735075,,,
E7,-39.44015208,-12.81495226,-297.7358922,,,
E8,-35.75132066,-1.20668249,-298.4337918,,,
E9,-31.99825458,10.39742227,-298.5803598,,,
E10,-28.19310663,21.97534171,-298.2153554,,,
A7,-24.34532621,33.50914275,-297.3694298,,,
A12,-18.28191077,42.02460141,-296.6712617,,,
A13,-6.103929955,42.07956296,-297.1635173,,,
A14,6.103929955,42.07956296,-297.1635173,,,
A15,18.28191077,42.02460141,-296.6712617,,,
B11,30.37195309,41.8037559,-295.7094345,,,
B12,34.3175929,30.37375184,-296.6712616,,,
B13,38.13352344,18.80884215,-297.1635173,,,
B14,41.90598438,7.197964615,-297.1635172,,,
B15,45.61648867,-4.400921305,-296.6712616,,,
C11,49.1428218,-15.96683029,-295.7094344,,,
C12,39.49137354,-23.25173409,-296.6712616,,,
C13,29.67273136,-30.45570972,-297.1734164,,,
C14,19.80204626,-37.64321082,-297.262509,,,
C15,9.916839714,-44.77201898,-296.8590344,,,
D11,0,-51.71832783,-295.9754044,,,
D12,-9.92278229,-44.7988482,-297.0369245,,,
D13,-19.82314804,-37.68332479,-297.5792827,,,
D14,-29.71325707,-30.49730479,-297.5792828,,,
D15,-39.54662646,-23.28426591,-297.0863384,,,
E11,-49.2115782,-15.98916971,-296.1231656,,,
E12,-45.68031133,-4.407078695,-297.0863384,,,
E13,-41.95205178,7.205877363,-297.4901901,,,
E14,-38.16147031,18.82262656,-297.3812992,,,
E15,-34.32902485,30.38387001,-296.7700894,,,
A11,-30.37195309,41.8037559,-295.7094345,,,
A17,-24.3030986,50.31480193,-294.94377,,,
A18,-12.20036515,50.4936768,-295.6612681,,,
A19,0,50.53564745,-295.9057971,,,
A20,12.20036515,50.4936768,-295.6612681,,,
A21,24.3030986,50.31480193,-294.94377,,,
B16,36.36625974,50.0539844,-293.7451086,,,
B17,40.34207842,38.66195376,-294.9437701,,,
B18,44.25204318,27.20696718,-295.6612681,,,
B19,48.06187799,15.61707497,-295.9057971,,,
B20,51.79226836,4.000201631,-295.6612681,,,
B21,55.36217101,-7.564708056,-294.94377,,,
C16,58.84183679,-19.11862544,-293.7451086,,,
C17,49.23585672,-26.42051734,-294.94377,,,
C18,39.54963277,-33.67844001,-295.6612681,,,
C19,29.70490992,-40.88476165,-295.9156543,,,
C20,19.81498139,-48.03480398,-295.7499103,,,
C21,9.918179161,-55.02167257,-295.1107991,,,
D16,0,-61.91712204,-293.9701706,,,
D17,-9.923792726,-55.05281415,-295.2778281,,,
D18,-19.83675756,-48.08759303,-296.074932,,,
D19,-29.74547959,-40.94060027,-296.319803,,,
D20,-39.60496723,-33.72555999,-296.0749319,,,
D21,-49.30474328,-26.45748266,-295.35643,,,
E16,-58.92416321,-19.14537456,-294.1560914,,,
E17,-55.43962899,-7.575291944,-295.35643,,,
E18,-51.85437975,4.004998835,-296.0158371,,,
E19,-48.10350524,15.6306012,-296.1620864,,,
E20,-44.27415519,27.22056205,-295.8090052,,,
E21,-40.34745396,38.66710543,-294.983071,,,
A16,-36.36625974,50.0539844,-293.7451086,,,
A23,-30.29520678,58.57302484,-292.8574296,,,
A24,-18.20476473,58.79187175,-293.813161,,,
A25,-6.103929954,58.90179485,-294.2913265,,,
A26,6.103929954,58.90179485,-294.2913265,,,
A27,18.20476473,58.79187175,-293.813161,,,
A28,30.29520678,58.57302484,-292.8574296,,,
B22,42.31981622,58.24913472,-291.4485452,,,
B23,46.34407969,46.91318157,-292.8574296,,,
B24,50.28882012,35.48217821,-293.8131611,,,
B25,54.13263115,24.0072056,-294.2913265,,,
B26,57.9050921,12.39732737,-294.2913265,,,
B27,61.53994931,0.854402297,-293.813161,,,
B28,65.06758152,-10.71250599,-292.8574295,,,
C22,68.47040107,-22.24743666,-291.4291288,,,
C23,58.93746987,-29.57830828,-292.8574295,,,
C24,49.2849224,-36.86321209,-293.813161,,,
C25,39.55972571,-44.0641746,-294.2913264,,,
C26,29.68343475,-51.2401546,-294.2913265,,,
C27,19.83365231,-58.27682769,-293.8816739,,,
C28,9.922956696,-65.22062635,-292.9842541,,,
D22,0,-72.03680519,-291.6038755,,,
D23,-9.928573717,-65.25754535,-293.1501017,,,
D24,-19.85545044,-58.34087671,-294.204664,,,
D25,-29.72496525,-51.3118454,-294.7030735,,,
D26,-39.61507429,-44.1258254,-294.7030736,,,
D27,-49.3538776,-36.91478791,-294.224239,,,
D28,-59.01993013,-29.61969172,-293.2671705,,,
E22,-68.56619893,-22.27856334,-291.8368712,,,
E23,-65.15861848,-10.72749401,-293.2671705,,,
E24,-61.61580053,0.855455393,-294.1753011,,,
E25,-57.95910263,12.40889088,-294.5658245,,,
E26,-54.16509016,24.0216008,-294.4677895,,,
E27,-50.30054675,35.49045214,-293.881674,,,
E28,-46.34407969,46.91318157,-292.8574296,,,
A22,-42.31699687,58.24525416,-291.4291289,,,
A30,-36.23165391,66.74730648,-290.4241319,,,
A31,-24.1871797,67.02011563,-291.6117011,,,
A32,-12.10343296,67.18400098,-292.3250021,,,
A33,0,67.23896255,-292.5629357,,,
A34,12.10343296,67.18400098,-292.3250021,,,
A35,24.1871797,67.02011563,-291.6117011,,,
A36,36.23889565,66.76064748,-290.4821799,,,
B29,48.24929378,66.40978922,-288.9566806,,,
B30,52.30104147,55.10281515,-290.5208786,,,
B31,56.2707623,43.71878796,-291.6408438,,,
B32,60.15511807,32.2724236,-292.325002,,,
B33,63.94736519,20.77846428,-292.5629356,,,
B34,67.63548513,9.250528728,-292.325002,,,
B35,71.21368197,-2.292396338,-291.611701,,,
B36,74.67605984,-13.8323235,-290.4241318,,,
C29,78.01692272,-25.34926674,-288.7642929,,,
C30,68.54474903,-32.702123,-290.4241317,,,
C31,58.96095345,-40.00301561,-291.611701,,,
C32,49.28142483,-47.23795435,-292.325002,,,
C33,39.52165236,-54.39694624,-292.5629356,,,
C34,29.69762481,-61.46600101,-292.3250019,,,
C35,19.82787281,-68.44524405,-291.6505579,,,
C36,9.923634246,-75.31790092,-290.5112038,,,
D29,0,-82.06440609,-288.8797255,,,
D30,-9.928260959,-75.35301651,-290.6466494,,,
D31,-19.8476855,-68.5136369,-291.9419852,,,
D32,-29.73917519,-61.55199899,-292.7339981,,,
D33,-39.57694764,-54.47305376,-292.9722644,,,
D34,-49.35037517,-47.30404565,-292.733998,,,
D35,-59.04344655,-40.05898439,-292.019699,,,
D36,-68.64065097,-32.747877,-290.8304683,,,
E29,-78.12607728,-25.38473326,-289.1683071,,,
E30,-74.77805253,-13.85121571,-290.8207936,,,
E31,-71.29908431,-2.295145473,-291.9614136,,,
E32,-67.70082471,9.259465246,-292.607404,,,
E33,-63.98783954,20.79161565,-292.7481082,,,
E34,-60.17315318,32.2820992,-292.412644,,,
E35,-56.26513934,43.71441929,-291.6117011,,,
E36,-52.28362463,55.08446528,-290.4241318,,,
A29,-48.21716936,66.36557352,-288.764293,,,
A38,-42.3260905,75.26634692,-287.5022758,,,
A39,-30.30390071,75.59511693,-288.9310763,,,
A40,-18.21076054,75.81496313,-289.8871075,,,
A41,-6.10942611,75.92488623,-290.3655728,,,
A42,6.10942611,75.92488623,-290.3655728,,,
A43,18.21197382,75.82001426,-289.9064211,,,
A44,30.3150051,75.62281759,-289.0369506,,,
A45,42.36274988,75.33153645,-287.7512867,,,
B37,54.1298152,74.50361589,-286.1251437,,,
B38,58.56513743,63.58127356,-287.8087507,,,
B39,62.57618302,52.21973828,-289.1428249,,,
B40,66.50759861,40.76649827,-290.0223025,,,
B41,70.34178952,29.2812984,-290.4526273,,,
B42,74.11384349,17.65576778,-290.4332818,,,
B43,77.74436948,6.109744074,-289.9353914,,,
B44,81.27539614,-5.461271638,-288.9888259,,,
B45,84.68433645,-17.00063968,-287.5788945,,,
C37,87.49934789,-28.42958589,-285.8490899,,,
C38,78.48279681,-36.01280699,-287.5022758,,,
C39,68.9497657,-43.34467792,-288.9310762,,,
C40,59.29551939,-50.63058101,-289.8871074,,,
C41,49.57002293,-57.83254282,-290.3655727,,,
C42,39.68473825,-65.01451862,-290.3655726,,,
C43,29.82993225,-72.03860486,-289.8871073,,,
C44,19.91706687,-78.96875682,-288.9310761,,,
C45,9.998805112,-85.77857056,-287.5310078,,,
D37,0,-91.98697951,-285.8014944,,,
D38,-10.00313475,-85.81571405,-287.6555133,,,
D39,-19.93498089,-79.03978377,-289.1909497,,,
D40,-29.86669924,-72.1273963,-290.2444087,,,
D41,-39.74026175,-65.10548138,-290.7718274,,,
D42,-49.63937707,-57.91345718,-290.7718273,,,
D43,-59.37848061,-50.70141899,-290.2926926,,,
D44,-69.0462343,-43.40532208,-289.3353238,,,
D45,-78.59260319,-36.06319301,-287.9045242,,,
E37,-87.57802125,-28.4551478,-286.1061056,,,
E38,-84.76330409,-17.01649268,-287.8470601,,,
E39,-81.34848309,-5.46618269,-289.2486993,,,
E40,-77.80133645,6.114220972,-290.1478407,,,
E41,-74.14346336,17.66282397,-290.5493545,,,
E42,-70.34413206,29.28227354,-290.4623,,,
E43,-66.47881032,40.7488522,-289.8967642,,,
E44,-62.53035648,52.18149609,-288.9310764,,,
E45,-58.50277399,63.51356866,-287.5022759,,,
A37,-54.05958226,74.40694813,-285.753899,,,
A47,-48.14681858,83.28074042,-284.3595744,,,
A48,-36.38074961,84.07118746,-285.8717166,,,
A49,-24.31568981,84.36098475,-287.064782,,,
A50,-12.21085782,84.51287848,-287.7892752,,,
A51,0,84.58564718,-288.0372033,,,
A52,12.21451875,84.53821628,-287.8755573,,,
A53,24.33107998,84.4143795,-287.2464745,,,
A54,36.42205504,84.16640776,-286.1954992,,,
A55,48.21738917,83.40280811,-284.7763709,,,
B48,68.81882502,60.67245105,-286.3097756,,,
B49,72.80443559,49.25358172,-287.4090415,,,
B50,76.67886614,37.76731171,-288.0768821,,,
B51,80.50931885,26.15948282,-288.2674794,,,
B52,84.21070319,14.51348312,-288.0001869,,,
B53,87.8066,2.946,-287.2656,,,
B54,91.26797602,-8.627574367,-286.0907461,,,
B55,94.16053635,-20.0716723,-284.5963906,,,
C46,96.91542722,-31.48943142,-282.6836668,,,
C47,87.93451777,-39.08898335,-284.4637735,,,
C48,78.84804131,-46.6303794,-285.8717165,,,
C49,69.25745048,-53.95625453,-287.0647819,,,
C50,59.55373877,-61.19419118,-287.789275,,,
C51,49.71612074,-68.42813062,-288.0276083,,,
C52,39.7961603,-75.54814973,-287.7892749,,,
C53,29.91387353,-82.54025835,-287.0647817,,,
C54,19.98272095,-89.39846068,-285.8717165,,,
C55,9.999204981,-95.67407048,-284.3595741,,,
D46,0,-101.8007845,-282.401444,,,
D47,-10.00186975,-95.69956744,-284.4353554,,,
D48,-19.99470299,-89.45206581,-286.0431309,,,
D49,-29.94177549,-82.61724722,-287.3325394,,,
D50,-39.8452112,-75.64126687,-288.1439906,,,
D51,-49.78567926,-68.52386938,-288.4305917,,,
D52,-59.63706123,-61.27980882,-288.191925,,,
D53,-69.35434952,-54.03174547,-287.4664181,,,
D54,-78.95835869,-46.6956206,-286.2716835,,,
D55,-88.01065156,-39.12282663,-284.7100625,,,
E46,-96.91220197,-31.48838349,-282.6742594,,,
E47,-94.1730727,-20.07434461,-284.6342812,,,
E48,-91.28012807,-8.628723102,-286.1288382,,,
E49,-87.81244598,2.946196138,-287.2847255,,,
E50,-84.19668723,14.51106751,-287.9522524,,,
E51,-80.46644344,26.14555153,-288.1139619,,,
E52,-76.60486413,37.73086286,-287.798862,,,
E53,-72.71723017,49.1945856,-287.0647819,,,
E54,-68.71353098,60.57962112,-285.8717165,,,
E55,-64.32580047,71.52596354,-284.3595744,,,
A46,-59.83724047,82.35938495,-282.4014442,,,
A57,-53.91038661,91.22018628,-280.8675172,,,
A58,-42.17289766,92.07258998,-282.5918109,,,
A59,-30.3898536,92.77019442,-283.88417,,,
A60,-18.29934816,93.00543679,-284.884783,,,
A61,-6.111461297,93.18886378,-285.3992548,,,
A62,6.113292963,93.21679341,-285.4847918,,,
A63,18.31458541,93.0828793,-285.121997,,,
A64,30.435408,92.90925698,-284.3097125,,,
B61,86.83394688,34.64735565,-285.7128906,,,
B62,90.60617126,23.00754284,-285.6843783,,,
B63,94.22342255,11.35092953,-285.2358599,,,
B64,97.75398893,-0.235164281,-284.2718865,,,
B65,100.7323719,-11.672378,-282.9683615,,,
B66,103.5628895,-23.11591672,-281.2698392,,,
C57,97.33269026,-42.15402797,-281.1575633,,,
C58,88.2756849,-49.72075526,-282.7141899,,,
C59,79.11225648,-57.18799375,-283.8747135,,,
C60,69.45970896,-64.47489612,-284.83734,,,
C61,59.6990371,-71.77379012,-285.3042134,,,
C62,49.81375245,-78.95676526,-285.3042135,,,
C63,39.85551879,-85.98384939,-284.83734,,,
C64,29.94205383,-92.91200276,-283.8747135,,,
C65,20.00040857,-99.27655038,-282.5918109,,,
C66,10.00340205,-105.4862064,-280.8675171,,,
D56,0,-111.5089931,-278.7109258,,,
D57,-10.00340205,-105.4862064,-280.8675171,,,
D58,-20.0064049,-99.3063145,-282.6765348,,,
D59,-29.96100513,-92.97080979,-284.054387,,,
D60,-39.89136606,-86.06118589,-285.0935314,,,
D61,-49.87017229,-79.04619294,-285.6273535,,,
D62,-59.77659677,-71.86703704,-285.6748743,,,
D63,-69.55457718,-64.56295607,-285.2263714,,,
D64,-79.2150373,-57.26229107,-284.243517,,,
D65,-88.34035143,-49.7571783,-282.9212927,,,
D66,-97.32297318,-42.14981958,-281.1294943,,,
E56,-106.1219672,-34.48085213,-278.8966155,,,
E57,-103.4871,-23.099,-281.064,,,
E58,-100.6653488,-11.66461168,-282.7800862,,,
E59,-97.67269259,-0.234968708,-284.035474,,,
E60,-94.13252474,11.33997923,-284.9606915,,,
E61,-90.50368585,22.98151881,-285.3612382,,,
E62,-86.70974161,34.59779688,-285.3042135,,,
E63,-82.78398791,46.13672474,-284.8373401,,,
E64,-78.83604972,57.56872742,-283.8747136,,,
E65,-74.53415913,68.56103766,-282.591811,,,
E66,-70.09626366,79.46041291,-280.8675171,,,
A56,-65.54334871,90.21289096,-278.7109259,,,
A68,-59.60896449,99.07170879,-277.1383807,,,
A69,-47.93173872,100.0006997,-279.0743681,,,
A70,-36.18006227,100.7771547,-280.5835575,,,
A71,-24.37175433,101.4024959,-281.6731886,,,
A72,-12.19841209,101.6747688,-282.4283022,,,
A73,0,101.7892594,-282.7460975,,,
A74,12.20693903,101.7458416,-282.6257255,,,
C69,97.6344809,-52.77058203,-279.2974046,,,
C70,88.51416483,-60.26996671,-280.6115859,,,
C71,79.28296507,-67.67842269,-281.5418986,,,
C72,69.57792627,-75.02851328,-282.2120766,,,
C73,59.7660902,-82.2604541,-282.4450135,,,
C74,49.85562315,-89.35748934,-282.2120765,,,
C75,39.86301355,-96.30662803,-281.5137651,,,
C76,29.95184696,-102.7511197,-280.4621006,,,
C77,19.99401305,-109.0357233,-278.9721431,,,
C78,10.00480107,-115.1494464,-277.0460905,,,
D67,0,-121.0832954,-274.6869409,,,
D68,-10.00480107,-115.1494464,-277.0460905,,,
D69,-19.99467909,-109.0393555,-278.9814363,,,
D70,-29.96082683,-102.7819255,-280.5461861,,,
D71,-39.8855883,-96.36116724,-281.6731886,,,
D72,-49.89714321,-89.43190679,-282.4471045,,,
D73,-59.82581849,-82.34266253,-282.7272799,,,
D74,-69.65441356,-75.11099241,-282.5223134,,,
D75,-79.36218996,-67.74605154,-281.8232343,,,
D76,-88.55542331,-60.29805992,-280.7423854,,,
D77,-97.60524318,-52.7547793,-279.2137659,,,
D78,-106.4894097,-45.12599541,-277.2214419,,,
E67,-115.1992386,-37.43053562,-274.7875957,,,
E68,-112.6541909,-26.079053,-277.1660678,,,
E69,-109.9253178,-14.68408841,-279.0929545,,,
E70,-107.0175631,-3.266912117,-280.5648718,,,
E71,-103.9394001,8.154469575,-281.588788,,,
E72,-100.4004039,19.80512563,-282.2402799,,,
E73,-96.70355036,31.42101921,-282.4450136,,,
E74,-92.85714115,42.9879275,-282.2120766,,,
E75,-88.85763907,54.48388545,-281.5137652,,,
E76,-84.62749826,65.52316283,-280.4621008,,,
E77,-80.26515,76.46051155,-278.9721432,,,
E78,-75.77728951,87.27794415,-277.0460906,,,
A67,-71.19936225,97.99763107,-274.7967461,,,
A80,-65.30088575,106.9414722,-273.1073123,,,
A81,-53.6497987,107.9381462,-275.2332206,,,
A82,-41.89934929,108.7905839,-276.9539506,,,
A83,-30.10442224,109.4913626,-278.2511628,,,
A84,-18.31906111,109.9321767,-279.1447819,,,
A85,-6.118184125,110.1259131,-279.6772654,,,
C82,97.87160965,-63.40396897,-277.0369014,,,
C83,88.6738,-70.854,-278.1308,,,
C84,79.35724277,-78.09019133,-278.8661666,,,
C85,69.5756279,-85.36927934,-279.2586427,,,
C86,59.69094277,-92.55025579,-279.2586426,,,
C87,49.73280904,-99.57733993,-278.7918691,,,
C88,39.95694784,-106.1547387,-277.9363677,,,
C89,30.01770089,-112.5272807,-276.6774482,,,
C90,20.02199347,-118.7469297,-274.976738,,,
C91,10.01929094,-124.7797095,-272.8437303,,,
D79,0,-130.512699,-270.334086,,,
D80,-10.01929094,-124.7797095,-272.8437303,,,
D81,-20.02199347,-118.7469297,-274.976738,,,
D82,-30.01870085,-112.5310292,-276.6866649,,,
D83,-39.96759628,-106.1830287,-278.0104371,,,
D84,-49.75765973,-99.62709712,-278.9311769,,,
D85,-59.73071156,-92.61191694,-279.4446973,,,
D86,-69.63125316,-85.43753152,-279.4819082,,,
D87,-79.40217146,-78.13440267,-279.0240487,,,
D88,-88.68265558,-70.86107597,-278.1585761,,,
D89,-97.813,-63.366,-276.871,,,
D90,-106.8052199,-55.76671638,-275.1232995,,,
D91,-115.6110987,-48.10177723,-272.9255316,,,
E79,-124.1331373,-40.33247396,-270.3520967,,,
E80,-121.7848415,-29.03356025,-272.8800864,,,
E81,-119.1424082,-17.65559121,-275.0225385,,,
E82,-116.3121403,-6.2244755,-276.7143154,,,
E83,-113.3140846,5.198709787,-277.954885,,,
E84,-110.0726979,16.52743812,-278.7918692,,,
E85,-106.4666206,28.17029328,-279.2586427,,,
E86,-102.6909618,39.79016452,-279.2586427,,,
E87,-98.76520812,51.32809308,-278.7918692,,,
E88,-94.72203655,62.39535091,-277.9363677,,,
E89,-90.42724103,73.39365698,-276.6774485,,,
E90,-85.99604087,84.30002733,-274.9767381,,,
E91,-81.4792674,95.09533325,-272.9437097,,,
A79,-76.79265495,105.6961734,-270.6132543,,,
A93,-70.84559124,114.5830453,-268.7343322,,,
A94,-59.30262757,115.7408541,-271.0235314,,,
A95,-47.58674309,116.6725049,-272.9278616,,,
C96,97.98406375,-73.9585828,-274.4221496,,,
C97,88.72232149,-81.25063222,-275.3451081,,,
C98,79.33515093,-88.41133775,-275.8503924,,,
C99,69.48627026,-95.63903326,-275.9869245,,,
C100,59.53884917,-102.7211407,-275.7126232,,,
C101,49.8090557,-109.3814814,-275.0793662,,,
C102,40.00221616,-115.8729402,-274.020507,,,
C103,30.03738712,-122.1885221,-272.546538,,,
C104,20.02549102,-128.3132375,-270.6448684,,,
C105,10.02049009,-134.1531522,-268.3588676,,,
D92,0,-139.7852122,-265.6576572,,,
D93,-10.02049009,-134.1531522,-268.3588676,,,
D94,-20.02549102,-128.3132375,-270.6448684,,,
D95,-30.03738712,-122.1885221,-272.546538,,,
D96,-40.00221616,-115.8729402,-274.020507,,,
D97,-49.81735197,-109.3997001,-275.1251838,,,
D98,-59.5586829,-102.7553594,-275.8044693,,,
D99,-69.50709949,-95.66770205,-276.0696545,,,
D100,-79.34043395,-88.41722516,-275.8687616,,,
D101,-88.68688926,-81.21818389,-275.235146,,,
D102,-97.88954424,-73.88723927,-274.1574305,,,
D103,-106.9659803,-66.34990546,-272.6464087,,,
D104,-115.8683141,-58.70767059,-270.6989632,,,
D105,-124.4910114,-50.98533285,-268.3588677,,,
E92,-132.944198,-43.19578209,-265.6576573,,,
E93,-130.6839791,-31.92566618,-268.3588677,,,
E94,-128.2216017,-20.60558522,-270.6448685,,,
E95,-125.490912,-9.190570673,-272.5465382,,,
E96,-122.5633599,2.238434088,-274.020507,,,
E97,-119.4203587,13.57050666,-275.0793663,,,
E98,-116.0925866,24.88259321,-275.7126234,,,
E99,-112.4124611,36.52544838,-275.9409636,,,
E100,-108.5462658,48.10834549,-275.7126234,,,
E101,-104.5895337,59.21557535,-275.0793664,,,
E102,-100.4710148,70.23086951,-274.0205071,,,
E103,-96.1217574,81.19819727,-272.5465383,,,
E104,-91.65527877,92.07134022,-270.7440422,,,
E105,-87.04707152,102.7457734,-268.6270566,,,
C112,88.66265274,-91.55860544,-272.1657305,,,
C113,79.21661033,-98.62984887,-272.4976108,,,
C114,69.29864005,-105.7788224,-272.397838,,,
C115,59.62381289,-112.5107914,-271.912157,,,
C116,49.84079494,-119.0766684,-271.0289344,,,
C117,39.99881854,-125.4502404,-269.7708799,,,
C118,30.00560936,-131.6798824,-268.0933534,,,
C119,20.04227927,-137.6387138,-266.0221022,,,
C120,10.02408757,-143.3856934,-263.5410378,,,
D106,0,-148.8908422,-260.663251,,,
D107,-10.02408757,-143.3856934,-263.5410378,,,
D108,-20.04227927,-137.6387138,-266.0221022,,,
D109,-30.00560936,-131.6798824,-268.0933534,,,
D110,-39.99881854,-125.4502404,-269.7708799,,,
D111,-49.83913469,-119.0727019,-271.0199061,,,
D112,-59.61388385,-112.4920552,-271.866876,,,
D113,-69.28018009,-105.7506447,-272.3252759,,,
D114,-79.17442191,-98.57732154,-272.3524866,,,
D115,-88.58889747,-91.48244113,-271.9393257,,,
D116,-97.86982787,-84.21753854,-271.0921324,,,
D117,-106.9716587,-76.82262067,-269.8247999,,,
D118,-115.9707032,-69.23218359,-268.1112149,,,
D119,-124.7093587,-61.59391154,-266.0221023,,,
D120,-133.2710693,-53.84233422,-263.5410381,,,
E106,-141.6043397,-46.00981351,-260.6632512,,,
E107,-139.4663353,-34.77467313,-263.541038,,,
E108,-137.0961934,-23.47158029,-266.0221024,,,
E109,-134.5074044,-12.15349793,-268.0933534,,,
E110,-131.6708887,-0.724493176,-269.7708799,,,
E111,-128.6460048,10.60458149,-271.0199061,,,
E112,-125.4045724,21.93365616,-271.85782,,,
E113,-121.9636795,33.20577068,-272.2799248,,,
E114,-118.1881207,44.82564193,-272.2799248,,,
E115,-114.3464082,55.96684801,-271.85782,,,
E116,-110.309832,67.03710372,-271.0199061,,,
E117,-106.0976787,77.98144757,-269.77088,,,
E118,-101.7187039,88.93330973,-268.2094537,,,
E119,-97.220487,99.67848674,-266.3056797,,,
C128,88.51880625,-101.7536114,-268.7022346,,,
C129,79.00160121,-108.7356522,-268.8111199,,,
C130,69.37193605,-115.549384,-268.5145495,,,
C131,59.64565678,-122.1877278,-267.8220332,,,
C132,49.83590463,-128.6431618,-266.7346773,,,
C133,39.95730073,-134.9105913,-265.2631559,,,
C134,30.02000248,-140.9735718,-263.3916137,,,
C135,20.03842138,-146.8237565,-261.1229457,,,
C136,10.02729052,-152.456835,-258.4690729,,,
D121,0,-157.8659124,-255.4334218,,,
D122,-10.02528673,-152.426369,-258.4174221,,,
D123,-20.03508431,-146.7993055,-261.0794599,,,
D124,-30.01400348,-140.9454006,-263.3389792,,,
D125,-39.94665503,-134.8746475,-265.1924827,,,
D126,-49.81764971,-128.5960397,-266.6369722,,,
D127,-59.61189807,-122.1185711,-267.6704492,,,
D128,-69.31421076,-115.4532339,-268.2911151,,,
D129,-78.90959819,-108.6090217,-268.4980701,,,
D130,-88.386315,-101.6013109,-268.3000523,,,
D131,-97.72409401,-94.43408588,-267.679366,,,
D132,-106.907612,-87.11705661,-266.6369721,,,
D133,-115.9296006,-79.66926677,-265.1924826,,,
D134,-124.7728143,-72.09956225,-263.3389794,,,
D135,-133.4235626,-64.41793598,-261.07946,,,
D136,-141.8686548,-56.63637961,-258.4174222,,,
E121,-150.095,-48.76888339,-255.3568633,,,
E122,-148.0646204,-37.56771924,-258.4174223,,,
E123,-145.8059004,-26.30859563,-261.07946,,,
E124,-143.3224378,-15.0095,-263.3389794,,,
E125,-140.6179298,-3.686421139,-265.1924828,,,
E126,-137.6966733,7.641654228,-266.6369723,,,
E127,-134.5629656,18.95773798,-267.6704493,,,
E128,-131.2219028,30.24484201,-268.2911151,,,
E129,-127.6784817,41.48597821,-268.4980704,,,
E130,-123.9380983,52.66215983,-268.2911151,,,
E131,-120.0066485,63.75739808,-267.6704493,,,
E132,-115.9018099,74.76217558,-266.6636191,,,
E133,-111.6545126,85.68173635,-265.3338292,,,
E134,-107.2527613,96.4989519,-263.6460137,,,
C147,69.81853591,-126.7481827,-263.5236701,,,
C148,60.00214621,-133.3035299,-262.6023611,,,
C149,50.13691656,-139.6598297,-261.295761,,,
C150,40.08317052,-145.8902786,-259.5757978,,,
C151,30.10710841,-151.8462165,-257.4884815,,,
C152,20.06887193,-157.5969822,-254.9987501,,,
C153,10.03430379,-163.114573,-252.1291486,,,
D137,0,-166.7072904,-249.9695174,,,
D138,-10.02962828,-163.0385694,-252.0116685,,,
D139,-20.05217234,-157.4658435,-254.786562,,,
D140,-30.08205587,-151.7198632,-257.2742219,,,
D141,-40.04848381,-145.7640298,-259.3511691,,,
D142,-50.08686135,-139.5203974,-261.034891,,,
D143,-59.93027531,-133.1438582,-262.2878145,,,
D144,-69.71403108,-126.5584652,-263.1292262,,,
D145,-79.37387343,-119.8031908,-263.5544286,,,
D146,-89.41205119,-112.5102927,-263.5545286,,,
D147,-98.8213688,-105.4102595,-263.1292261,,,
D148,-108.1086718,-98.14034519,-262.2878146,,,
D149,-117.2148016,-90.74951553,-261.0348912,,,
D150,-126.254178,-83.13184455,-259.3511691,,,
D151,-134.9988606,-75.49318819,-257.2742219,,,
D152,-143.5632693,-67.73061858,-254.7865623,,,
D153,-151.8939415,-59.89410065,-251.9025797,,,
E137,-158.405986,-51.4689945,-249.7448892,,,
E138,-158.0899071,-40.82444097,-251.9025797,,,
E139,-155.9561997,-29.58830129,-254.7865623,,,
E140,-153.5905547,-18.27421614,-257.274222,,,
E141,-151.0054631,-6.955134488,-259.3511691,,,
E142,-148.1702465,4.521836719,-261.0348913,,,
E143,-145.147561,15.85390929,-262.2878148,,,
E144,-141.907028,27.19397627,-263.1292262,,,
E145,-138.4678339,38.46808939,-263.5544287,,,
E146,-134.6335162,50.26883411,-263.5545287,,,
E147,-130.7932626,61.41308522,-263.1379916,,,
E148,-126.7914784,72.51685187,-262.3839261,,,
E149,-122.6317269,83.50411757,-261.2522826,,,
E150,-118.2548024,94.52746096,-259.7399495,,,
C168,40.13843991,-156.6244147,-253.4244373,,,
C169,30.12414412,-162.4885112,-251.1102205,,,
C170,20.06311569,-168.1004316,-248.4069321,,,
C171,10.03811243,-171.8330392,-246.4522668,,,
D154,0,-175.3414902,-244.175076,,,
D155,-10.03544103,-171.78731,-246.3866794,,,
D156,-20.04776517,-167.971816,-248.2168731,,,
D157,-30.08706639,-162.2885153,-250.8011463,,,
D158,-40.08236009,-156.4055853,-253.0703627,,,
D159,-50.15501366,-150.29486,-254.9700337,,,
D160,-60.14842271,-143.9473006,-256.4667867,,,
D161,-69.98144396,-137.4788257,-257.5190506,,,
D162,-79.70594111,-130.7974996,-258.1721937,,,
D163,-89.81247099,-123.6155238,-258.3926394,,,
D164,-99.7657082,-116.2236949,-258.1721938,,,
D165,-109.1252607,-109.0397205,-257.5190508,,,
D166,-118.3157314,-101.6868643,-256.4667869,,,
D167,-127.4410477,-94.14414082,-254.970034,,,
D168,-136.364905,-86.45252154,-253.0703629,,,
D169,-145.0241473,-78.75090924,-250.7593795,,,
D170,-153.4586469,-70.92738223,-248.0598679,,,
D171,-160.0978024,-62.55823693,-246.1079334,,,
E154,-166.5274045,-54.10714895,-243.8339242,,,
E155,-166.2930685,-43.49157516,-246.1079335,,,
E156,-165.8409847,-32.8180419,-248.0598679,,,
E157,-163.6158414,-21.53193718,-250.7593795,,,
E158,-161.1371754,-10.21085693,-253.0703629,,,
E159,-158.4384633,1.257120573,-254.970034,,,
E160,-155.4895262,12.72210017,-256.4667869,,,
E161,-152.3762042,24.07315946,-257.5190508,,,
E162,-149.0267473,35.38624531,-258.1721939,,,
E163,-145.3341634,47.22268716,-258.4184626,,,
E164,-141.4164083,58.98935652,-258.2667971,,,
E165,-137.5252779,70.14133485,-257.7077785,,,
E166,-133.426954,81.19682375,-256.7658087,,,
D174,-20.07165604,-176.6411412,-242.4318752,,,
D175,-30.04199884,-172.6652256,-244.0621588,,,
D176,-40.06582715,-166.8545528,-246.4673453,,,
D177,-50.15835525,-160.8482007,-248.4712449,,,
D178,-60.19968686,-154.6128394,-250.1694921,,,
D179,-70.11535033,-148.1483618,-251.4954646,,,
D180,-79.90550149,-141.5739608,-252.3603594,,,
D181,-90.08108316,-134.540881,-252.7809653,,,
D182,-100.1193608,-127.2469834,-252.7809652,,,
D183,-109.9533813,-119.7432327,-252.3603595,,,
D184,-119.2305913,-112.4633254,-251.4954645,,,
D185,-128.4432465,-105.0305251,-250.169492,,,
D186,-137.467034,-97.40186185,-248.4546918,,,
D187,-146.2443936,-89.62630124,-246.3606565,,,
D188,-154.7867179,-81.85174004,-243.8347237,,,
D189,-161.5569817,-73.56653601,-242.0770533,,,
D190,-168.1467898,-65.17109799,-240.0361836,,,
E172,-174.5251095,-56.70589453,-237.7339718,,,
E173,-174.3696172,-46.11657057,-240.0761591,,,
E174,-173.9843776,-35.4514703,-242.1335022,,,
E175,-173.3710866,-24.766627,-243.8834598,,,
E176,-171.0128675,-13.45093535,-246.3852772,,,
E177,-168.4813852,-2.000800399,-248.4795215,,,
E178,-165.6651737,9.476318375,-250.1944933,,,
E179,-162.5913539,20.90685859,-251.537354,,,
E180,-159.3854053,32.25610959,-252.4360198,,,
E181,-155.8703612,44.11918615,-252.9072758,,,
E182,-152.0847483,55.94444833,-252.9914828,,,
E183,-148.0327578,67.64851257,-252.6545936,,,
E184,-144.0242607,78.76249349,-251.8808468,,,
D195,-39.99988354,-177.1129514,-239.5523187,,,
D196,-50.12690552,-171.2170972,-241.7229377,,,
D197,-60.17246687,-165.0805269,-243.5437122,,,
D198,-70.12469309,-158.7111325,-245.0127657,,,
D199,-79.97205498,-152.1155865,-246.128619,,,
D200,-90.2153892,-145.210417,-246.7572792,,,
D201,-100.3055306,-138.0584202,-246.9669325,,,
D202,-110.225391,-130.6715877,-246.7572791,,,
D203,-119.9580825,-123.0639098,-246.1286189,,,
D204,-129.2566775,-115.7210465,-244.9801223,,,
D205,-138.3520148,-108.1963104,-243.4463952,,,
D206,-147.2299042,-100.5016933,-241.529836,,,
D207,-155.8865409,-92.65535929,-239.2494812,,,
D208,-162.8126865,-84.45762055,-237.728656,,,
D209,-169.5401841,-76.15225066,-235.9131141,,,
D210,-176.061421,-67.74851025,-233.8047652,,,
E191,-182.3752556,-59.2566034,-231.4133989,,,
E192,-182.2948343,-48.68596218,-233.8514608,,,
E193,-181.9889297,-38.05806698,-235.9995205,,,
E194,-181.4581803,-27.3848231,-237.8553349,,,
E195,-180.70293,-16.67911039,-239.4168388,,,
E196,-178.3099,-5.235,-241.6988,,,
E197,-175.6486,6.217,-243.6167,,,
E198,-172.7168494,17.65858782,-245.1596608,,,
E199,-169.5302127,29.07683888,-246.3417955,,,
E200,-166.1639506,40.97236058,-247.0285404,,,
E201,-162.5356495,52.81140388,-247.3289214,,,
D217,-60.00813545,-175.2799652,-236.6940426,,,
D218,-70.0420562,-168.9951237,-238.3376635,,,
D219,-79.94809084,-162.4899499,-239.6149107,,,
D220,-90.24243667,-155.812733,-240.3054674,,,
D221,-100.4078919,-148.7567265,-240.6941324,,,
D222,-110.4412838,-141.4521908,-240.6780989,,,
D223,-120.2724807,-133.9432286,-240.2494485,,,
D224,-129.7717687,-126.1881367,-239.5032207,,,
D225,-138.982935,-118.7527158,-238.1710769,,,
D226,-148.010451,-111.1245916,-236.4578051,,,
D227,-156.8035748,-103.3553523,-234.3805769,,,
D228,-163.8722447,-95.32982646,-233.0067432,,,
D229,-170.7430963,-87.08939121,-231.3838059,,,
D230,-177.4165449,-78.72205274,-229.4437503,,,
D231,-183.8831047,-70.2824421,-227.2393568,,,
E213,-189.8553291,-40.60536609,-229.5048274,,,
E214,-189.4184239,-29.91790004,-231.4993207,,,
E215,-188.7474551,-19.21142071,-233.177393,,,
E216,-187.7766769,-8.55697773,-234.5912807,,,
E217,-185.2638215,2.907030792,-236.7176661,,,
E218,-182.4655667,14.39905889,-238.4645865,,,
E219,-179.3980238,25.84605552,-239.8223349,,,
D240,-79.82276924,-172.6741061,-232.7880969,,,
D241,-90.18311048,-166.1128554,-233.6483692,,,
D242,-100.3957484,-159.2948102,-234.1408565,,,
D243,-110.5111787,-152.1050633,-234.3017994,,,
D244,-120.4467903,-144.6731838,-234.0863073,,,
D245,-130.0546705,-137.036438,-233.5395254,,,
D246,-139.4497,-129.176,-232.61,,,
D247,-148.5883276,-121.6442437,-231.0721544,,,
D248,-157.5056933,-113.924491,-229.183915,,,
D249,-164.7057563,-105.9859448,-227.9938516,,,
D250,-171.7018622,-97.91190849,-226.5173994,,,
D265,-110.379609,-162.4945154,-227.5480605,,,
D266,-120.4327319,-155.1904129,-227.5480606,,,
D267,-130.1499201,-147.7071852,-227.1782021,,,
D268,-139.6663681,-139.946764,-226.4388856,,,
D269,-148.9175308,-131.9611854,-225.3355149,,,
